create database if not exists ecommerce;
use ecommerce;
set foreign_key_checks = 0;
-- xóa toàn bộ dữ liệu trong bảng
truncate table OrdersItems;
truncate table Orders;
truncate table Products;
truncate table Customers;

set foreign_key_checks = 1;

-- 1.Customers
insert into Customers(CustomerID, Name) Values
('C001', 'Customer1'),
('C002', 'Customer2'),
('C003', 'Customer3'),
('C004', 'Customer4'),
('C005', 'Customer5'),
('C006', 'Customer6'),
('C007','Customer7'),
('C008','Customer8'),
('C011','Customer11'),
('C013','Customer13'),
('C018','Customer18'),
('C019','Customer19'),
('C025','Customer25'),
('C040','Customer40'),
('C009', 'Customer9'),
('C010', 'Customer10'),
('C012', 'Customer12'),
('C014', 'Customer14'),
('C015', 'Customer15'),
('C016', 'Customer16'),
('C017', 'Customer17'),
('C020', 'Customer20'),
('C021', 'Customer21'),
('C022', 'Customer22'),
('C023', 'Customer23'),
('C024', 'Customer24'),
('C026', 'Customer26'),
('C027', 'Customer27'),
('C028', 'Customer28'),
('C029', 'Customer29'),
('C030', 'Customer30'),
('C031', 'Customer31'),
('C032', 'Customer32'),
('C033', 'Customer33'),
('C034', 'Customer34'),
('C035', 'Customer35'),
('C036', 'Customer36'),
('C037', 'Customer37'),
('C038', 'Customer38'),
('C039', 'Customer39'),
('C041', 'Customer41'),
('C042', 'Customer42'),
('C043', 'Customer43'),
('C045', 'Customer45'),
('C046', 'Customer46'),
('C047', 'Customer47'),
('C048', 'Customer48'),
('C049', 'Customer49'),
('C050', 'Customer50');

-- 2.Products
insert into Products(ProductID, Name, Price) values
('P001', 'Mouse', 150),
('P002', 'Keyboard', 300),
('P003', 'Monitor', 2500),
('P004', 'USB Cable', 20),
('P005', 'Laptop Stand', 400),
('P006', 'Webcam', 800),
('P007', 'Headset', 500),
('P008', 'Microphone', 1000),
('P009', 'HDMI Cable', 50),
('P010', 'Chair', 2000),
('P011', 'Desk', 3500),
('P012', 'SSD', 1500),
('P013', 'RAM', 1200),
('P014', 'CPU', 7000),
('P015', 'GPU', 12000),
('P016', 'Power Supply', 2000),
('P017', 'Motherboard', 3500),
('P018', 'Cooling Fan', 250),
('P019', 'Laptop', 20000),
('P020', 'Tablet', 8000);

-- 3.Orders
insert into Orders(OrderID, CustomerID, OrderDate, Status) values
('O001','C041','2025-11-14','Pending'),
('O002','C006','2025-10-30','Shipped'),
('O003','C014','2025-11-10','Delivered'),
('O004','C029','2025-10-30','Shipped'),
('O005','C022','2025-11-09','Pending'),
('O006','C006','2025-11-05','Pending'),
('O007','C035','2025-11-14','Shipped'),
('O008','C041','2025-10-29','Shipped'),
('O009','C015','2025-10-21','Pending'),
('O010','C024','2025-11-06','Pending'),
('O011','C030','2025-11-05','Shipped'),
('O012','C021','2025-11-05','Shipped'),
('O013','C046','2025-11-07','Pending'),
('O014','C016','2025-10-25','Delivered'),
('O015','C015','2025-11-13','Delivered'),
('O016','C041','2025-11-12','Delivered'),
('O017','C039','2025-11-03','Delivered'),
('O018','C049','2025-11-09','Delivered'),
('O019','C030','2025-11-17','Delivered'),
('O020','C041','2025-11-01','Delivered'),
('O021','C049','2025-11-12','Delivered'),
('O022','C020','2025-11-10','Pending'),
('O023','C006','2025-10-25','Shipped'),
('O024','C009','2025-10-27','Shipped'),
('O025','C035','2025-10-24','Delivered'),
('O026','C029','2025-11-14','Pending'),
('O027','C002','2025-10-30','Delivered'),
('O028','C001','2025-11-15','Delivered'),
('O029','C033','2025-11-10','Shipped'),
('O030','C031','2025-11-10','Shipped'),
('O031','C023','2025-11-04','Shipped'),
('O032','C047','2025-11-07','Pending'),
('O033','C035','2025-11-03','Pending'),
('O034','C005','2025-11-03','Delivered'),
('O035','C001','2025-11-15','Pending'),
('O036','C031','2025-11-11','Shipped'),
('O037','C001','2025-11-05','Shipped'),
('O038','C010','2025-11-11','Shipped'),
('O039','C048','2025-10-31','Pending'),
('O040','C034','2025-11-12','Pending'),
('O041','C026','2025-11-14','Delivered'),
('O042','C003','2025-10-29','Pending'),
('O043','C017','2025-11-11','Delivered'),
('O044','C030','2025-11-07','Pending'),
('O045','C037','2025-11-14','Pending'),
('O046','C016','2025-11-06','Shipped'),
('O047','C046','2025-11-08','Delivered'),
('O048','C017','2025-11-14','Pending'),
('O049','C046','2025-11-07','Pending'),
('O050','C041','2025-11-04','Shipped'),
('O051','C050','2025-11-13','Delivered'),
('O052','C036','2025-11-17','Pending'),
('O053','C003','2025-10-22','Shipped'),
('O054','C024','2025-10-20','Pending'),
('O055','C050','2025-10-31','Shipped'),
('O056','C012','2025-10-25','Shipped'),
('O057','C025','2025-10-21','Pending'),
('O058','C020','2025-10-22','Pending'),
('O059','C026','2025-11-07','Shipped'),
('O060','C042','2025-11-01','Shipped'),
('O061','C038','2025-10-18','Shipped'),
('O062','C028','2025-11-06','Delivered'),
('O063','C037','2025-11-11','Shipped'),
('O064','C034','2025-10-19','Delivered'),
('O065','C021','2025-10-27','Pending'),
('O066','C045','2025-11-08','Delivered'),
('O067','C043','2025-10-18','Shipped'),
('O068','C020','2025-11-08','Pending'),
('O069','C029','2025-10-27','Pending'),
('O070','C022','2025-11-15','Pending'),
('O071','C016','2025-11-02','Delivered'),
('O072','C041','2025-10-30','Pending'),
('O073','C049','2025-10-21','Pending'),
('O074','C004','2025-10-31','Pending'),
('O075','C030','2025-10-27','Delivered'),
('O076','C036','2025-11-03','Pending'),
('O077','C032','2025-10-28','Pending'),
('O078','C018','2025-11-07','Shipped'),
('O079','C046','2025-11-11','Pending'),
('O080','C027','2025-11-16','Pending');
 -- 4. OrderItems
 insert into OrdersItems(OrderID, ProductID, Quantity, Price) values
 ('O001','P009',2,50),
('O001','P008',1,1000),
('O001','P019',5,20000),
('O002','P001',1,150),
('O003','P001',5,150),
('O003','P018',4,250),
('O003','P007',2,500),
('O004','P006',4,800),
('O005','P011',1,3500),
('O006','P012',1,1500),
('O006','P009',4,50),
('O007','P018',3,250),
('O008','P007',2,500),
('O008','P003',3,2500),
('O008','P002',1,300),
('O009','P009',3,50),
('O009','P015',2,12000),
('O010','P009',5,50),
('O010','P003',2,2500),
('O010','P006',2,800),
('O011','P018',1,250),
('O011','P008',2,1000),
('O011','P011',1,3500),
('O012','P007',5,500),
('O013','P016',2,2000),
('O013','P013',3,1200),
('O013','P015',2,12000),
('O014','P009',5,50),
('O014','P019',4,20000),
('O014','P014',3,7000),
('O015','P003',1,2500),
('O015','P002',2,300),
('O016','P020',4,8000),
('O016','P003',4,2500),
('O017','P018',1,250),
('O017','P001',5,150),
('O018','P004',4,20),
('O018','P010',2,2000),
('O019','P009',5,50),
('O019','P017',1,3500),
('O019','P006',3,800),
('O020','P005',3,400),
('O021','P001',1,150),
('O021','P011',1,3500),
('O021','P016',3,2000),
('O022','P019',1,20000),
('O023','P018',2,250),
('O024','P006',5,800),
('O024','P009',4,50),
('O024','P017',2,3500),
('O025','P007',3,500),
('O025','P010',4,2000),
('O025','P013',5,1200),
('O026','P003',3,2500),
('O027','P019',2,20000),
('O028','P002',1,300),
('O028','P008',3,1000),
('O028','P003',1,2500),
('O029','P016',2,2000),
('O029','P007',5,500),
('O029','P018',5,250),
('O030','P007',1,500),
('O030','P004',4,20),
('O031','P002',1,300),
('O031','P004',4,20),
('O032','P007',2,500),
('O033','P006',4,800),
('O033','P009',2,50),
('O034','P002',5,300),
('O035','P014',4,7000),
('O036','P006',4,800),
('O037','P010',5,2000),
('O037','P014',4,7000),
('O038','P002',5,300),
('O039','P011',5,3500),
('O039','P002',4,300),
('O039','P019',5,20000),
('O040','P003',5,2500),
('O040','P006',1,800),
('O040','P020',2,8000),
('O041','P019',5,20000),
('O042','P019',5,20000),
('O042','P020',3,8000),
('O043','P011',4,3500),
('O043','P008',2,1000),
('O043','P009',3,50),
('O044','P015',5,12000),
('O045','P007',2,500),
('O045','P017',3,3500),
('O045','P009',1,50),
('O046','P015',5,12000),
('O047','P017',3,3500),
('O047','P001',1,150),
('O047','P018',2,250),
('O048','P018',3,250),
('O048','P005',5,400),
('O048','P009',2,50),
('O049','P009',3,50),
('O049','P017',1,3500),
('O049','P016',1,2000),
('O050','P001',3,150),
('O051','P006',5,800),
('O051','P015',4,12000),
('O052','P005',5,400),
('O053','P018',2,250),
('O053','P005',1,400),
('O053','P014',3,7000),
('O054','P007',1,500),
('O054','P008',3,1000),
('O055','P005',2,400),
('O055','P008',4,1000),
('O055','P006',1,800),
('O056','P008',2,1000),
('O056','P009',1,50),
('O057','P008',4,1000),
('O057','P007',3,500),
('O058','P001',2,150),
('O059','P009',3,50),
('O060','P018',1,250),
('O060','P011',3,3500),
('O060','P001',2,150),
('O061','P004',5,20),
('O062','P014',1,7000),
('O062','P017',4,3500),
('O063','P014',1,7000),
('O064','P007',1,500),
('O064','P012',3,1500),
('O064','P014',5,7000),
('O065','P010',4,2000),
('O065','P017',3,3500),
('O065','P020',4,8000),
('O066','P007',4,500),
('O067','P006',4,800),
('O067','P019',5,20000),
('O067','P010',1,2000),
('O068','P019',4,20000),
('O068','P011',4,3500),
('O069','P016',3,2000),
('O069','P006',5,800),
('O069','P003',5,2500),
('O070','P010',2,2000),
('O070','P008',1,1000),
('O070','P007',1,500),
('O071','P015',4,12000),
('O072','P013',2,1200),
('O072','P016',2,2000),
('O072','P020',1,8000),
('O073','P008',5,1000),
('O073','P006',4,800),
('O074','P015',2,12000),
('O075','P020',5,8000),
('O075','P011',5,3500),
('O075','P015',4,12000),
('O076','P016',2,2000),
('O076','P015',3,12000),
('O076','P009',5,50),
('O077','P015',3,12000),
('O077','P003',2,2500),
('O078','P003',2,2500),
('O078','P005',4,400),
('O078','P019',2,20000),
('O079','P014',5,7000),
('O079','P011',4,3500),
('O080','P013',1,1200),
('O080','P019',5,20000);
